account,date,payee,amount,notes,category
Savings,2025-01-01,Spotify,-19.94,,Subscriptions
Savings,2025-01-01,City Water & Power,-181.89,Monthly utility bill,Utilities
Credit Card,2025-01-03,Internal Transfer,-261.85,Buffer savings transfer,2 Month Buffer
Savings,2025-01-03,Delta Air Lines,-646.70,,Travel
Savings,2025-01-03,Steam,-22.86,Game purchase,Fun Money/Entertainment
Savings,2025-01-03,Red Cross,-64.85,Donation,Gifts/Donations
Checking,2025-01-04,Internal Transfer,-378.45,Buffer savings transfer,2 Month Buffer
Checking,2025-01-04,Internal Transfer,-438.93,Buffer savings transfer,2 Month Buffer
Checking,2025-01-06,Acme Corp Payroll,3107.92,Direct deposit,Income/Paycheck
Checking,2025-01-06,Safeway,-179.95,,Groceries
Credit Card,2025-01-06,Midas Auto Service,-548.59,,Auto Maintenance
Credit Card,2025-01-07,Little Learners Preschool,-168.27,Tuition,Kids/Childcare
Credit Card,2025-01-07,Local Pizza Co,-80.84,,Restaurants
Savings,2025-01-08,Statewide Insurance,-190.88,Auto + home bundle,Insurance
Savings,2025-01-08,Internal Transfer,-361.24,Buffer savings transfer,2 Month Buffer
Checking,2025-01-08,Fiber Internet Co,-127.18,Internet service,Utilities
Savings,2025-01-08,Internal Transfer,-322.16,Buffer savings transfer,2 Month Buffer
Savings,2025-01-09,Bright Smile Dental,-278.39,Cleaning,Medical
Savings,2025-01-09,City Parking Garage,-56.45,Monthly parking,Fuel & Parking
Credit Card,2025-01-11,City Water & Power,-68.53,Monthly utility bill,Utilities
Credit Card,2025-01-12,Fiber Internet Co,-178.84,Internet service,Utilities
Credit Card,2025-01-12,Jiffy Lube,-690.49,Oil change,Auto Maintenance
Credit Card,2025-01-13,Metro Gas Co,-189.42,Monthly utility bill,Utilities
Checking,2025-01-14,Local Bowling Alley,-49.49,,Fun Money/Entertainment
Checking,2025-01-14,Meridian Property Mgmt,-2090.88,Monthly rent,Mortgage/Rent
Credit Card,2025-01-15,Sunshine Daycare,-363.65,Weekly childcare,Kids/Childcare
Credit Card,2025-01-15,Etsy,-36.66,Online order,Spending Money
Checking,2025-01-16,Internal Transfer,-274.53,Buffer savings transfer,2 Month Buffer
Credit Card,2025-01-17,Local Bowling Alley,-147.86,,Fun Money/Entertainment
Savings,2025-01-17,Fiber Internet Co,-256.83,Internet service,Utilities
Credit Card,2025-01-18,Midas Auto Service,-208.86,,Auto Maintenance
Savings,2025-01-19,Etsy,-106.30,Online order,Spending Money
Credit Card,2025-01-19,Internal Transfer,-353.93,Buffer savings transfer,2 Month Buffer
Savings,2025-01-19,Lowe's,-339.20,,Home Improvement
Checking,2025-01-23,Local Food Bank,-184.25,Donation,Gifts/Donations
Savings,2025-01-23,Internal Transfer,-209.76,Transfer between own accounts,Uncategorized
Savings,2025-01-24,Statewide Insurance,-263.04,Auto + home bundle,Insurance
Checking,2025-01-24,Local Bowling Alley,-90.27,,Fun Money/Entertainment
Savings,2025-01-24,Enterprise Rent-A-Car,-126.38,,Travel
Credit Card,2025-01-25,Lowe's,-346.95,,Home Improvement
Checking,2025-01-25,Summit Home Loans,-1507.94,Mortgage payment,Mortgage/Rent
Credit Card,2025-01-25,Old Navy,-16.48,,Clothing
Checking,2025-01-25,Internal Transfer,-297.13,Buffer savings transfer,2 Month Buffer
Credit Card,2025-01-25,Local Pizza Co,-53.65,,Restaurants
Checking,2025-01-25,Local Food Bank,-138.66,Donation,Gifts/Donations
Checking,2025-01-26,Costco,-104.62,,Uncategorized
Checking,2025-01-26,Local Pizza Co,-25.06,,Restaurants
Checking,2025-01-27,Riverside Family Clinic,-61.67,Copay,Medical
Checking,2025-01-27,Internal Transfer,-14.68,Transfer between own accounts,Uncategorized
Credit Card,2025-01-27,Spotify,-17.66,,Subscriptions
Credit Card,2025-01-27,Spotify,-22.09,,Subscriptions
Savings,2025-01-28,Target,-20.87,,Spending Money
Savings,2025-01-28,Shell,-58.45,,Fuel & Parking
Credit Card,2025-01-28,Netflix,-18.35,,Subscriptions
Savings,2025-01-30,Nordstrom Rack,-27.83,,Clothing
Savings,2025-01-30,Local Food Bank,-150.80,Donation,Gifts/Donations
Credit Card,2025-01-30,Sunshine Daycare,-283.04,Weekly childcare,Kids/Childcare
Checking,2025-02-01,Whole Foods Market,-164.25,AplPay WHOLE FOODS,Groceries
Credit Card,2025-02-01,Michaels,-19.60,AplPay MICHAELS,Spending Money
Checking,2025-02-02,Nordstrom Rack,-32.68,,Clothing
Checking,2025-02-02,AMC Theatres,-85.66,,Fun Money/Entertainment
Savings,2025-02-02,AMC Theatres,-48.91,,Fun Money/Entertainment
Savings,2025-02-04,Old Navy,-22.41,,Clothing
Credit Card,2025-02-04,Local Bowling Alley,-135.28,,Fun Money/Entertainment
Checking,2025-02-04,Bright Smile Dental,-82.97,Cleaning,Medical
Credit Card,2025-02-05,Internal Transfer,-455.52,Buffer savings transfer,2 Month Buffer
Savings,2025-02-05,Acme Corp Payroll,1710.63,Direct deposit,Income/Paycheck
Checking,2025-02-05,Steam,-47.97,Game purchase,Fun Money/Entertainment
Credit Card,2025-02-06,Bright Smile Dental,-54.10,Cleaning,Medical
Credit Card,2025-02-06,Etsy,-113.97,Online order,Spending Money
Checking,2025-02-07,Shell,-50.74,,Fuel & Parking
Checking,2025-02-08,Steam,-16.10,Game purchase,Fun Money/Entertainment
Savings,2025-02-08,Starbucks,-61.33,AplPay STARBUCKS,Restaurants
Credit Card,2025-02-09,Ace Hardware,-298.17,,Home Improvement
Checking,2025-02-09,Internal Transfer,-436.84,Buffer savings transfer,2 Month Buffer
Checking,2025-02-10,Nordstrom Rack,-189.05,,Clothing
Checking,2025-02-10,Nordstrom Rack,-135.21,,Clothing
Savings,2025-02-10,Barnes & Noble,-28.33,,Spending Money
Credit Card,2025-02-11,GuardHealth Insurance,-235.01,Premium payment,Insurance
Credit Card,2025-02-11,Shell,-11.51,,Fuel & Parking
Checking,2025-02-11,Etsy,-117.52,Online order,Spending Money
Checking,2025-02-12,Target,-83.18,,Spending Money
Credit Card,2025-02-12,Ace Hardware,-587.44,,Home Improvement
Checking,2025-02-12,Ace Hardware,-273.77,,Home Improvement
Savings,2025-02-15,Ace Hardware,-131.65,,Home Improvement
Savings,2025-02-17,Internal Transfer,-151.35,Buffer savings transfer,2 Month Buffer
Savings,2025-02-17,Barnes & Noble,-38.95,,Spending Money
Checking,2025-02-17,Petco,-92.39,,Pets
Credit Card,2025-02-18,Walmart,-17.81,,Uncategorized
Credit Card,2025-02-20,GuardHealth Insurance,-221.63,Premium payment,Insurance
Savings,2025-02-21,iCloud Storage,-14.51,,Subscriptions
Savings,2025-02-21,Michaels,-66.47,AplPay MICHAELS,Spending Money
Checking,2025-02-21,GuardHealth Insurance,-196.80,Premium payment,Insurance
Checking,2025-02-21,Acme Corp Payroll,1646.81,Direct deposit,Income/Paycheck
Credit Card,2025-02-22,Metro Gas Co,-202.62,Monthly utility bill,Utilities
Credit Card,2025-02-22,Nordstrom Rack,-69.48,,Clothing
Credit Card,2025-02-22,Etsy,-65.15,Online order,Spending Money
Credit Card,2025-02-23,Old Navy,-167.01,,Clothing
Checking,2025-02-23,Internal Transfer,-104.52,Buffer savings transfer,2 Month Buffer
Checking,2025-02-24,Downtown Pharmacy,-283.24,,Medical
Credit Card,2025-02-24,Barnes & Noble,-23.14,,Spending Money
Checking,2025-02-24,Nordstrom Rack,-114.17,,Clothing
Checking,2025-02-25,Midas Auto Service,-360.32,,Auto Maintenance
Credit Card,2025-02-25,Statewide Insurance,-177.52,Auto + home bundle,Insurance
Savings,2025-02-26,Red Cross,-115.31,Donation,Gifts/Donations
Credit Card,2025-02-27,iCloud Storage,-14.51,,Subscriptions
Checking,2025-02-28,Spotify,-24.82,,Subscriptions
Savings,2025-03-01,GuardHealth Insurance,-161.90,Premium payment,Insurance
Checking,2025-03-01,Target,-57.25,,Spending Money
Checking,2025-03-02,Chevron,-70.13,,Fuel & Parking
Savings,2025-03-02,Petco,-73.60,,Pets
Savings,2025-03-02,Riverside Family Clinic,-131.79,Copay,Medical
Checking,2025-03-03,Metro Gas Co,-225.77,Monthly utility bill,Utilities
Savings,2025-03-03,Riverside Animal Hospital,-112.85,Checkup,Pets
Savings,2025-03-03,Acme Corp Payroll,2642.39,Direct deposit,Income/Paycheck
Checking,2025-03-03,Local Pizza Co,-28.13,,Restaurants
Credit Card,2025-03-04,Petco,-85.73,,Pets
Savings,2025-03-05,Local Food Bank,-24.11,Donation,Gifts/Donations
Savings,2025-03-05,Chipotle,-21.52,,Restaurants
Checking,2025-03-06,Riverside Family Clinic,-369.97,Copay,Medical
Credit Card,2025-03-06,Trader Joe's,-175.65,,Groceries
Savings,2025-03-06,Netflix,-9.01,,Subscriptions
Savings,2025-03-07,Meridian Property Mgmt,-1709.48,Monthly rent,Mortgage/Rent
Checking,2025-03-08,Ace Hardware,-548.41,,Home Improvement
Savings,2025-03-08,Downtown Pharmacy,-257.20,,Medical
Credit Card,2025-03-08,Internal Transfer,-171.38,Buffer savings transfer,2 Month Buffer
Checking,2025-03-09,Delta Air Lines,-339.87,,Travel
Checking,2025-03-10,Summit Home Loans,-2147.72,Mortgage payment,Mortgage/Rent
Checking,2025-03-11,Metro Gas Co,-81.80,Monthly utility bill,Utilities
Checking,2025-03-11,Midas Auto Service,-225.68,,Auto Maintenance
Credit Card,2025-03-11,Ace Hardware,-206.72,,Home Improvement
Checking,2025-03-11,Netflix,-7.06,,Subscriptions
Credit Card,2025-03-12,Chevron,-69.31,,Fuel & Parking
Savings,2025-03-14,Chevron,-61.08,,Fuel & Parking
Savings,2025-03-15,City Water & Power,-143.54,Monthly utility bill,Utilities
Savings,2025-03-16,Meridian Property Mgmt,-1981.28,Monthly rent,Mortgage/Rent
Credit Card,2025-03-16,Delta Air Lines,-183.82,,Travel
Checking,2025-03-20,Lowe's,-210.49,,Home Improvement
Savings,2025-03-20,Acme Corp Payroll,2810.65,Direct deposit,Income/Paycheck
Checking,2025-03-20,Red Cross,-197.94,Donation,Gifts/Donations
Checking,2025-03-21,Internal Transfer,-297.41,Buffer savings transfer,2 Month Buffer
Credit Card,2025-03-21,Costco,-204.36,,Uncategorized
Savings,2025-03-21,Little Learners Preschool,-245.25,Tuition,Kids/Childcare
Checking,2025-03-22,Riverside Family Clinic,-209.27,Copay,Medical
Credit Card,2025-03-22,Statewide Insurance,-191.27,Auto + home bundle,Insurance
Savings,2025-03-22,Summit Home Loans,-1568.29,Mortgage payment,Mortgage/Rent
Savings,2025-03-22,Red Cross,-161.67,Donation,Gifts/Donations
Checking,2025-03-23,Acme Corp Payroll,1530.86,Direct deposit,Income/Paycheck
Savings,2025-03-24,Lowe's,-182.74,,Home Improvement
Checking,2025-03-24,Red Cross,-32.59,Donation,Gifts/Donations
Checking,2025-03-24,Jiffy Lube,-270.71,Oil change,Auto Maintenance
Credit Card,2025-03-25,Netflix,-6.25,,Subscriptions
Savings,2025-03-26,Chick fil A,-29.10,,Restaurants
Credit Card,2025-03-26,Jiffy Lube,-393.64,Oil change,Auto Maintenance
Credit Card,2025-03-26,Nordstrom Rack,-92.46,,Clothing
Credit Card,2025-03-27,Meridian Property Mgmt,-2060.85,Monthly rent,Mortgage/Rent
Checking,2025-03-28,Lowe's,-46.60,,Home Improvement
Checking,2025-03-29,Costco,-33.08,,Uncategorized
Credit Card,2025-03-31,Petco,-134.39,,Pets
Credit Card,2025-03-31,Riverside Animal Hospital,-179.71,Checkup,Pets
Checking,2025-04-01,Whole Foods Market,-110.33,AplPay WHOLE FOODS,Groceries
Credit Card,2025-04-03,Petco,-29.96,,Pets
Checking,2025-04-04,Walmart,-68.96,,Uncategorized
Credit Card,2025-04-04,Old Navy,-142.54,,Clothing
Checking,2025-04-05,Sunshine Daycare,-171.74,Weekly childcare,Kids/Childcare
Savings,2025-04-06,Petco,-159.91,,Pets
Credit Card,2025-04-07,Internal Transfer,-85.14,Buffer savings transfer,2 Month Buffer
Credit Card,2025-04-07,Summit Home Loans,-1697.43,Mortgage payment,Mortgage/Rent
Savings,2025-04-08,Midas Auto Service,-505.32,,Auto Maintenance
Savings,2025-04-08,iCloud Storage,-22.08,,Subscriptions
Checking,2025-04-09,Netflix,-21.72,,Subscriptions
Credit Card,2025-04-10,Internal Transfer,-350.11,Buffer savings transfer,2 Month Buffer
Credit Card,2025-04-11,Local Pizza Co,-11.89,,Restaurants
Savings,2025-04-11,Nordstrom Rack,-159.99,,Clothing
Credit Card,2025-04-11,Starbucks,-75.56,AplPay STARBUCKS,Restaurants
Checking,2025-04-12,Whole Foods Market,-150.87,AplPay WHOLE FOODS,Groceries
Savings,2025-04-12,Shell,-65.26,,Fuel & Parking
Credit Card,2025-04-13,Barnes & Noble,-103.04,,Spending Money
Checking,2025-04-13,Kroger,-45.16,,Groceries
Credit Card,2025-04-13,Fiber Internet Co,-197.15,Internet service,Utilities
Checking,2025-04-14,City Water & Power,-247.54,Monthly utility bill,Utilities
Checking,2025-04-14,Barnes & Noble,-100.21,,Spending Money
Savings,2025-04-14,AMC Theatres,-52.61,,Fun Money/Entertainment
Savings,2025-04-14,Delta Air Lines,-229.23,,Travel
Credit Card,2025-04-15,AMC Theatres,-147.09,,Fun Money/Entertainment
Checking,2025-04-15,Netflix,-7.11,,Subscriptions
Checking,2025-04-16,Chick fil A,-27.92,,Restaurants
Checking,2025-04-16,Sunshine Daycare,-198.61,Weekly childcare,Kids/Childcare
Credit Card,2025-04-17,Marriott Hotels,-190.84,,Travel
Credit Card,2025-04-17,Amazon,-124.23,Online order,Uncategorized
Checking,2025-04-17,Red Cross,-32.42,Donation,Gifts/Donations
Checking,2025-04-19,Acme Corp Payroll,2216.08,Direct deposit,Income/Paycheck
Credit Card,2025-04-19,Downtown Pharmacy,-366.39,,Medical
Savings,2025-04-20,Meridian Property Mgmt,-1975.83,Monthly rent,Mortgage/Rent
Checking,2025-04-21,Whole Foods Market,-39.12,AplPay WHOLE FOODS,Groceries
Checking,2025-04-21,Internal Transfer,-228.85,Transfer between own accounts,Uncategorized
Checking,2025-04-21,Trader Joe's,-51.03,,Groceries
Credit Card,2025-04-22,Fiber Internet Co,-247.75,Internet service,Utilities
Credit Card,2025-04-22,Little Learners Preschool,-320.63,Tuition,Kids/Childcare
Credit Card,2025-04-22,Internal Transfer,-160.25,Transfer between own accounts,Uncategorized
Savings,2025-04-22,Midas Auto Service,-417.30,,Auto Maintenance
Credit Card,2025-04-22,Old Navy,-197.22,,Clothing
Savings,2025-04-23,Chevron,-59.60,,Fuel & Parking
Savings,2025-04-23,Venmo,-50.96,Payment to friend,Uncategorized
Checking,2025-04-23,Red Cross,-101.96,Donation,Gifts/Donations
Credit Card,2025-04-23,Jiffy Lube,-419.69,Oil change,Auto Maintenance
Credit Card,2025-04-23,Statewide Insurance,-257.53,Auto + home bundle,Insurance
Checking,2025-04-24,Red Cross,-26.47,Donation,Gifts/Donations
Savings,2025-04-24,Little Learners Preschool,-240.71,Tuition,Kids/Childcare
Savings,2025-04-25,Summit Home Loans,-1463.10,Mortgage payment,Mortgage/Rent
Savings,2025-04-26,Trader Joe's,-91.23,,Groceries
Savings,2025-04-27,Shell,-68.63,,Fuel & Parking
Credit Card,2025-04-29,Spotify,-10.76,,Subscriptions
Checking,2025-04-30,Amazon,-149.45,Online order,Uncategorized
Savings,2025-05-01,Sunshine Daycare,-318.23,Weekly childcare,Kids/Childcare
Savings,2025-05-01,Chevron,-32.09,,Fuel & Parking
Savings,2025-05-02,Metro Gas Co,-89.59,Monthly utility bill,Utilities
Savings,2025-05-03,Amazon,-284.26,Online order,Uncategorized
Savings,2025-05-04,Red Cross,-136.13,Donation,Gifts/Donations
Credit Card,2025-05-04,Chipotle,-86.70,,Restaurants
Checking,2025-05-04,GuardHealth Insurance,-145.26,Premium payment,Insurance
Checking,2025-05-05,Michaels,-22.57,AplPay MICHAELS,Spending Money
Checking,2025-05-06,Meridian Property Mgmt,-2192.79,Monthly rent,Mortgage/Rent
Checking,2025-05-06,Amazon,-33.76,Online order,Uncategorized
Savings,2025-05-06,Starbucks,-11.56,AplPay STARBUCKS,Restaurants
Checking,2025-05-06,Kroger,-126.11,,Groceries
Savings,2025-05-07,Nordstrom Rack,-87.07,,Clothing
Credit Card,2025-05-08,AMC Theatres,-50.80,,Fun Money/Entertainment
Credit Card,2025-05-08,Metro Gas Co,-71.73,Monthly utility bill,Utilities
Credit Card,2025-05-09,Safeway,-116.11,,Groceries
Savings,2025-05-12,GuardHealth Insurance,-177.46,Premium payment,Insurance
Checking,2025-05-13,Chipotle,-72.05,,Restaurants
Savings,2025-05-13,Internal Transfer,-441.97,Buffer savings transfer,2 Month Buffer
Credit Card,2025-05-13,Meridian Property Mgmt,-1588.56,Monthly rent,Mortgage/Rent
Credit Card,2025-05-14,Meridian Property Mgmt,-1710.41,Monthly rent,Mortgage/Rent
Credit Card,2025-05-15,Fiber Internet Co,-107.00,Internet service,Utilities
Savings,2025-05-15,Starbucks,-89.49,AplPay STARBUCKS,Restaurants
Credit Card,2025-05-16,Acme Corp Payroll,3161.96,Direct deposit,Income/Paycheck
Checking,2025-05-16,Safeway,-65.25,,Groceries
Credit Card,2025-05-17,Spotify,-10.62,,Subscriptions
Checking,2025-05-17,Summit Home Loans,-1640.42,Mortgage payment,Mortgage/Rent
Savings,2025-05-17,Petco,-193.55,,Pets
Credit Card,2025-05-18,Red Cross,-129.84,Donation,Gifts/Donations
Credit Card,2025-05-20,Fiber Internet Co,-52.89,Internet service,Utilities
Savings,2025-05-20,Local Food Bank,-78.58,Donation,Gifts/Donations
Credit Card,2025-05-21,Midas Auto Service,-499.38,,Auto Maintenance
Checking,2025-05-22,Marriott Hotels,-294.06,,Travel
Savings,2025-05-23,iCloud Storage,-21.34,,Subscriptions
Checking,2025-05-23,Local Bowling Alley,-95.07,,Fun Money/Entertainment
Savings,2025-05-23,Jiffy Lube,-289.79,Oil change,Auto Maintenance
Credit Card,2025-05-25,Metro Gas Co,-257.04,Monthly utility bill,Utilities
Credit Card,2025-05-26,Local Food Bank,-83.36,Donation,Gifts/Donations
Checking,2025-05-26,Netflix,-24.88,,Subscriptions
Checking,2025-05-26,Circle K,-59.85,AplPay CIRCLE K,Fuel & Parking
Credit Card,2025-05-26,Meridian Property Mgmt,-2108.16,Monthly rent,Mortgage/Rent
Savings,2025-05-27,Meridian Property Mgmt,-2092.05,Monthly rent,Mortgage/Rent
Credit Card,2025-05-27,Petco,-174.05,,Pets
Checking,2025-05-28,Lowe's,-496.86,,Home Improvement
Checking,2025-05-28,Etsy,-62.10,Online order,Spending Money
Savings,2025-05-29,Summit Home Loans,-2123.83,Mortgage payment,Mortgage/Rent
Savings,2025-05-30,AMC Theatres,-108.70,,Fun Money/Entertainment
Checking,2025-05-31,Little Learners Preschool,-154.54,Tuition,Kids/Childcare
Credit Card,2025-05-31,Steam,-81.85,Game purchase,Fun Money/Entertainment
Credit Card,2025-06-01,Ace Hardware,-167.18,,Home Improvement
Checking,2025-06-01,Jiffy Lube,-94.04,Oil change,Auto Maintenance
Credit Card,2025-06-02,Circle K,-63.98,AplPay CIRCLE K,Fuel & Parking
Savings,2025-06-02,GuardHealth Insurance,-149.49,Premium payment,Insurance
Credit Card,2025-06-02,Nordstrom Rack,-42.64,,Clothing
Savings,2025-06-02,Internal Transfer,-374.85,Buffer savings transfer,2 Month Buffer
Savings,2025-06-03,Steam,-132.40,Game purchase,Fun Money/Entertainment
Checking,2025-06-04,Nordstrom Rack,-69.20,,Clothing
Credit Card,2025-06-04,Downtown Pharmacy,-327.19,,Medical
Credit Card,2025-06-04,AMC Theatres,-40.93,,Fun Money/Entertainment
Checking,2025-06-04,Acme Corp Payroll,2911.80,Direct deposit,Income/Paycheck
Checking,2025-06-04,Netflix,-18.08,,Subscriptions
Credit Card,2025-06-04,Chick fil A,-45.82,,Restaurants
Credit Card,2025-06-05,Marriott Hotels,-857.95,,Travel
Savings,2025-06-06,Kroger,-122.23,,Groceries
Checking,2025-06-07,Red Cross,-18.21,Donation,Gifts/Donations
Checking,2025-06-08,City Water & Power,-137.02,Monthly utility bill,Utilities
Credit Card,2025-06-08,Sunshine Daycare,-253.95,Weekly childcare,Kids/Childcare
Savings,2025-06-08,Chipotle,-46.12,,Restaurants
Credit Card,2025-06-08,Fiber Internet Co,-243.51,Internet service,Utilities
Credit Card,2025-06-09,Michaels,-50.39,AplPay MICHAELS,Spending Money
Checking,2025-06-09,Delta Air Lines,-776.66,,Travel
Savings,2025-06-09,Netflix,-12.91,,Subscriptions
Savings,2025-06-10,Enterprise Rent-A-Car,-726.89,,Travel
Checking,2025-06-12,Delta Air Lines,-342.86,,Travel
Savings,2025-06-12,GuardHealth Insurance,-184.54,Premium payment,Insurance
Savings,2025-06-12,Sunshine Daycare,-86.78,Weekly childcare,Kids/Childcare
Savings,2025-06-12,Ace Hardware,-440.37,,Home Improvement
Checking,2025-06-13,Starbucks,-50.32,AplPay STARBUCKS,Restaurants
Credit Card,2025-06-13,Etsy,-5.91,Online order,Spending Money
Savings,2025-06-13,Statewide Insurance,-267.06,Auto + home bundle,Insurance
Savings,2025-06-13,AMC Theatres,-20.03,,Fun Money/Entertainment
Savings,2025-06-13,Netflix,-12.34,,Subscriptions
Savings,2025-06-14,Michaels,-118.67,AplPay MICHAELS,Spending Money
Credit Card,2025-06-14,Petco,-89.20,,Pets
Checking,2025-06-14,Internal Transfer,-203.42,Buffer savings transfer,2 Month Buffer
Savings,2025-06-14,City Water & Power,-114.25,Monthly utility bill,Utilities
Checking,2025-06-15,Local Pizza Co,-68.57,,Restaurants
Checking,2025-06-15,Nordstrom Rack,-86.97,,Clothing
Credit Card,2025-06-16,Whole Foods Market,-103.87,AplPay WHOLE FOODS,Groceries
Checking,2025-06-16,Target,-118.28,,Spending Money
Checking,2025-06-16,Walmart,-28.76,,Uncategorized
Checking,2025-06-16,Local Food Bank,-117.33,Donation,Gifts/Donations
Savings,2025-06-17,Starbucks,-24.17,AplPay STARBUCKS,Restaurants
Checking,2025-06-17,Internal Transfer,-173.00,Transfer between own accounts,Uncategorized
Savings,2025-06-18,Internal Transfer,-193.15,Transfer between own accounts,Uncategorized
Savings,2025-06-19,Starbucks,-88.56,AplPay STARBUCKS,Restaurants
Savings,2025-06-20,Riverside Animal Hospital,-103.87,Checkup,Pets
Credit Card,2025-06-20,Fiber Internet Co,-179.76,Internet service,Utilities
Checking,2025-06-20,City Water & Power,-218.24,Monthly utility bill,Utilities
Checking,2025-06-20,Nordstrom Rack,-193.31,,Clothing
Credit Card,2025-06-21,GuardHealth Insurance,-196.86,Premium payment,Insurance
Checking,2025-06-21,GuardHealth Insurance,-117.11,Premium payment,Insurance
Credit Card,2025-06-21,GuardHealth Insurance,-143.29,Premium payment,Insurance
Checking,2025-06-22,Nordstrom Rack,-29.57,,Clothing
Checking,2025-06-23,Jiffy Lube,-533.87,Oil change,Auto Maintenance
Credit Card,2025-06-23,Spotify,-20.98,,Subscriptions
Checking,2025-06-24,Acme Corp Payroll,3165.32,Direct deposit,Income/Paycheck
Checking,2025-06-24,Starbucks,-67.62,AplPay STARBUCKS,Restaurants
Savings,2025-06-24,Whole Foods Market,-23.92,AplPay WHOLE FOODS,Groceries
Savings,2025-06-24,Meridian Property Mgmt,-2124.68,Monthly rent,Mortgage/Rent
Checking,2025-06-24,Venmo,-80.06,Payment to friend,Uncategorized
Checking,2025-06-25,Summit Home Loans,-1962.34,Mortgage payment,Mortgage/Rent
Savings,2025-06-27,City Water & Power,-154.32,Monthly utility bill,Utilities
Checking,2025-06-29,Local Food Bank,-219.07,Donation,Gifts/Donations
Savings,2025-06-29,City Water & Power,-247.96,Monthly utility bill,Utilities
Checking,2025-06-30,GuardHealth Insurance,-132.45,Premium payment,Insurance
Savings,2025-06-30,Midas Auto Service,-77.53,,Auto Maintenance
Checking,2025-07-02,Bright Smile Dental,-345.02,Cleaning,Medical
Savings,2025-07-03,Barnes & Noble,-109.38,,Spending Money
Savings,2025-07-03,Nordstrom Rack,-155.41,,Clothing
Credit Card,2025-07-05,Chipotle,-36.70,,Restaurants
Savings,2025-07-05,Ace Hardware,-241.07,,Home Improvement
Credit Card,2025-07-05,Michaels,-100.51,AplPay MICHAELS,Spending Money
Savings,2025-07-07,Metro Gas Co,-199.23,Monthly utility bill,Utilities
Savings,2025-07-08,Lowe's,-73.37,,Home Improvement
Credit Card,2025-07-08,Riverside Animal Hospital,-64.48,Checkup,Pets
Checking,2025-07-08,Sunshine Daycare,-369.45,Weekly childcare,Kids/Childcare
Credit Card,2025-07-09,Venmo,-227.32,Payment to friend,Uncategorized
Checking,2025-07-09,Jiffy Lube,-659.80,Oil change,Auto Maintenance
Checking,2025-07-09,Delta Air Lines,-270.35,,Travel
Checking,2025-07-10,Kroger,-148.07,,Groceries
Checking,2025-07-10,Spotify,-17.03,,Subscriptions
Credit Card,2025-07-12,Summit Home Loans,-1695.64,Mortgage payment,Mortgage/Rent
Checking,2025-07-12,Target,-77.06,,Spending Money
Savings,2025-07-13,Riverside Family Clinic,-88.03,Copay,Medical
Checking,2025-07-13,Bright Smile Dental,-338.11,Cleaning,Medical
Savings,2025-07-14,Chick fil A,-64.10,,Restaurants
Savings,2025-07-15,Michaels,-87.12,AplPay MICHAELS,Spending Money
Checking,2025-07-15,Bright Smile Dental,-264.55,Cleaning,Medical
Credit Card,2025-07-15,City Water & Power,-250.48,Monthly utility bill,Utilities
Checking,2025-07-16,Riverside Animal Hospital,-197.98,Checkup,Pets
Savings,2025-07-16,Meridian Property Mgmt,-1871.40,Monthly rent,Mortgage/Rent
Credit Card,2025-07-17,Starbucks,-12.25,AplPay STARBUCKS,Restaurants
Savings,2025-07-18,Little Learners Preschool,-386.34,Tuition,Kids/Childcare
Credit Card,2025-07-19,Enterprise Rent-A-Car,-518.49,,Travel
Checking,2025-07-20,AMC Theatres,-47.77,,Fun Money/Entertainment
Checking,2025-07-20,GuardHealth Insurance,-136.03,Premium payment,Insurance
Savings,2025-07-20,Netflix,-8.64,,Subscriptions
Checking,2025-07-20,Riverside Animal Hospital,-150.14,Checkup,Pets
Credit Card,2025-07-20,GuardHealth Insurance,-251.75,Premium payment,Insurance
Credit Card,2025-07-23,Lowe's,-382.79,,Home Improvement
Credit Card,2025-07-23,Delta Air Lines,-586.23,,Travel
Credit Card,2025-07-24,Costco,-34.76,,Uncategorized
Checking,2025-07-24,Chevron,-70.55,,Fuel & Parking
Savings,2025-07-25,Safeway,-50.43,,Groceries
Savings,2025-07-26,Local Bowling Alley,-117.79,,Fun Money/Entertainment
Savings,2025-07-27,Chipotle,-31.22,,Restaurants
Checking,2025-07-28,Meridian Property Mgmt,-1811.44,Monthly rent,Mortgage/Rent
Savings,2025-07-28,Sunshine Daycare,-351.56,Weekly childcare,Kids/Childcare
Checking,2025-07-29,Chick fil A,-66.77,,Restaurants
Savings,2025-07-29,Riverside Family Clinic,-348.21,Copay,Medical
Credit Card,2025-07-31,Acme Corp Payroll,2910.14,Direct deposit,Income/Paycheck
Checking,2025-07-31,Chipotle,-70.76,,Restaurants
Savings,2025-07-31,Local Pizza Co,-18.94,,Restaurants
Credit Card,2025-07-31,Michaels,-26.57,AplPay MICHAELS,Spending Money
Credit Card,2025-08-01,Local Bowling Alley,-43.36,,Fun Money/Entertainment
Checking,2025-08-01,Safeway,-25.12,,Groceries
Credit Card,2025-08-01,Etsy,-118.55,Online order,Spending Money
Credit Card,2025-08-02,Riverside Family Clinic,-144.84,Copay,Medical
Savings,2025-08-03,Barnes & Noble,-18.18,,Spending Money
Credit Card,2025-08-03,Venmo,-117.74,Payment to friend,Uncategorized
Checking,2025-08-04,Riverside Family Clinic,-74.44,Copay,Medical
Checking,2025-08-05,Enterprise Rent-A-Car,-357.03,,Travel
Checking,2025-08-05,Target,-49.40,,Spending Money
Savings,2025-08-06,Downtown Pharmacy,-144.41,,Medical
Credit Card,2025-08-06,Midas Auto Service,-198.48,,Auto Maintenance
Checking,2025-08-07,iCloud Storage,-10.17,,Subscriptions
Checking,2025-08-10,Little Learners Preschool,-335.62,Tuition,Kids/Childcare
Savings,2025-08-10,Lowe's,-473.78,,Home Improvement
Savings,2025-08-14,Chevron,-15.21,,Fuel & Parking
Checking,2025-08-14,Local Pizza Co,-67.60,,Restaurants
Credit Card,2025-08-15,Local Food Bank,-92.51,Donation,Gifts/Donations
Credit Card,2025-08-16,Nordstrom Rack,-164.51,,Clothing
Credit Card,2025-08-16,Local Food Bank,-172.15,Donation,Gifts/Donations
Savings,2025-08-17,Acme Corp Payroll,2132.95,Direct deposit,Income/Paycheck
Credit Card,2025-08-18,Trader Joe's,-167.10,,Groceries
Credit Card,2025-08-18,Statewide Insurance,-116.80,Auto + home bundle,Insurance
Savings,2025-08-19,Enterprise Rent-A-Car,-451.43,,Travel
Credit Card,2025-08-19,Target,-77.15,,Spending Money
Credit Card,2025-08-19,Acme Corp Payroll,2972.20,Direct deposit,Income/Paycheck
Credit Card,2025-08-20,Meridian Property Mgmt,-1902.62,Monthly rent,Mortgage/Rent
Credit Card,2025-08-21,Summit Home Loans,-1638.66,Mortgage payment,Mortgage/Rent
Credit Card,2025-08-21,Whole Foods Market,-77.42,AplPay WHOLE FOODS,Groceries
Credit Card,2025-08-22,Acme Corp Payroll,1755.08,Direct deposit,Income/Paycheck
Savings,2025-08-22,Trader Joe's,-102.20,,Groceries
Savings,2025-08-22,Internal Transfer,-62.55,Buffer savings transfer,2 Month Buffer
Savings,2025-08-22,Statewide Insurance,-257.26,Auto + home bundle,Insurance
Credit Card,2025-08-22,GuardHealth Insurance,-118.16,Premium payment,Insurance
Credit Card,2025-08-23,Chick fil A,-71.22,,Restaurants
Credit Card,2025-08-24,Old Navy,-43.85,,Clothing
Credit Card,2025-08-24,Shell,-55.65,,Fuel & Parking
Savings,2025-08-25,Costco,-177.75,,Uncategorized
Savings,2025-08-26,Red Cross,-42.78,Donation,Gifts/Donations
Credit Card,2025-08-26,City Parking Garage,-58.58,Monthly parking,Fuel & Parking
Savings,2025-08-28,Netflix,-5.52,,Subscriptions
Credit Card,2025-08-28,Midas Auto Service,-487.26,,Auto Maintenance
Savings,2025-08-29,Starbucks,-59.02,AplPay STARBUCKS,Restaurants
Credit Card,2025-08-29,Ace Hardware,-569.90,,Home Improvement
Savings,2025-08-30,Safeway,-174.95,,Groceries
Credit Card,2025-09-02,Downtown Pharmacy,-42.05,,Medical
Credit Card,2025-09-02,Fiber Internet Co,-69.89,Internet service,Utilities
Savings,2025-09-02,Petco,-109.76,,Pets
Savings,2025-09-03,Midas Auto Service,-309.70,,Auto Maintenance
Checking,2025-09-03,Local Food Bank,-47.84,Donation,Gifts/Donations
Credit Card,2025-09-04,iCloud Storage,-12.58,,Subscriptions
Savings,2025-09-04,Fiber Internet Co,-239.30,Internet service,Utilities
Credit Card,2025-09-06,Nordstrom Rack,-133.65,,Clothing
Checking,2025-09-06,Acme Corp Payroll,2040.21,Direct deposit,Income/Paycheck
Savings,2025-09-06,Sunshine Daycare,-228.85,Weekly childcare,Kids/Childcare
Savings,2025-09-06,Target,-66.25,,Spending Money
Checking,2025-09-08,Local Bowling Alley,-101.44,,Fun Money/Entertainment
Savings,2025-09-08,Midas Auto Service,-80.54,,Auto Maintenance
Savings,2025-09-09,Costco,-132.03,,Uncategorized
Savings,2025-09-09,Delta Air Lines,-475.97,,Travel
Savings,2025-09-09,Chipotle,-48.52,,Restaurants
Savings,2025-09-10,City Water & Power,-68.86,Monthly utility bill,Utilities
Savings,2025-09-11,Riverside Animal Hospital,-172.48,Checkup,Pets
Credit Card,2025-09-11,Enterprise Rent-A-Car,-492.45,,Travel
Checking,2025-09-11,Petco,-18.53,,Pets
Savings,2025-09-12,Little Learners Preschool,-263.20,Tuition,Kids/Childcare
Checking,2025-09-12,Delta Air Lines,-480.12,,Travel
Credit Card,2025-09-13,Riverside Animal Hospital,-97.22,Checkup,Pets
Checking,2025-09-14,iCloud Storage,-6.05,,Subscriptions
Savings,2025-09-15,Riverside Family Clinic,-204.77,Copay,Medical
Credit Card,2025-09-16,Acme Corp Payroll,1603.23,Direct deposit,Income/Paycheck
Credit Card,2025-09-17,Internal Transfer,-252.74,Buffer savings transfer,2 Month Buffer
Credit Card,2025-09-17,Marriott Hotels,-481.66,,Travel
Credit Card,2025-09-17,City Parking Garage,-54.81,Monthly parking,Fuel & Parking
Credit Card,2025-09-17,Amazon,-79.56,Online order,Uncategorized
Checking,2025-09-18,Sunshine Daycare,-286.18,Weekly childcare,Kids/Childcare
Savings,2025-09-18,Riverside Animal Hospital,-106.96,Checkup,Pets
Checking,2025-09-19,Safeway,-54.39,,Groceries
Credit Card,2025-09-20,Circle K,-49.00,AplPay CIRCLE K,Fuel & Parking
Savings,2025-09-20,Chipotle,-52.63,,Restaurants
Savings,2025-09-20,Old Navy,-58.65,,Clothing
Savings,2025-09-21,Fiber Internet Co,-247.87,Internet service,Utilities
Checking,2025-09-21,Target,-31.15,,Spending Money
Savings,2025-09-21,Chick fil A,-56.91,,Restaurants
Checking,2025-09-21,Statewide Insurance,-189.35,Auto + home bundle,Insurance
Credit Card,2025-09-21,Netflix,-15.66,,Subscriptions
Checking,2025-09-22,Midas Auto Service,-240.14,,Auto Maintenance
Savings,2025-09-22,GuardHealth Insurance,-316.59,Premium payment,Insurance
Savings,2025-09-24,Little Learners Preschool,-123.43,Tuition,Kids/Childcare
Checking,2025-09-24,Riverside Animal Hospital,-196.39,Checkup,Pets
Savings,2025-09-24,Walmart,-164.37,,Uncategorized
Credit Card,2025-09-24,Costco,-53.59,,Uncategorized
Checking,2025-09-25,Riverside Animal Hospital,-53.12,Checkup,Pets
Credit Card,2025-09-25,Metro Gas Co,-215.60,Monthly utility bill,Utilities
Credit Card,2025-09-26,Old Navy,-110.59,,Clothing
Credit Card,2025-09-26,Barnes & Noble,-53.67,,Spending Money
Credit Card,2025-09-27,Amazon,-49.16,Online order,Uncategorized
Credit Card,2025-09-27,Enterprise Rent-A-Car,-796.66,,Travel
Checking,2025-09-28,Acme Corp Payroll,2931.09,Direct deposit,Income/Paycheck
Checking,2025-09-28,Statewide Insurance,-167.57,Auto + home bundle,Insurance
Credit Card,2025-09-28,Riverside Animal Hospital,-130.13,Checkup,Pets
Savings,2025-09-28,GuardHealth Insurance,-219.77,Premium payment,Insurance
Credit Card,2025-09-29,Acme Corp Payroll,1865.87,Direct deposit,Income/Paycheck
Checking,2025-09-30,Internal Transfer,-451.95,Buffer savings transfer,2 Month Buffer
Checking,2025-09-30,Red Cross,-163.55,Donation,Gifts/Donations
Checking,2025-09-30,Little Learners Preschool,-320.49,Tuition,Kids/Childcare
Credit Card,2025-10-01,Downtown Pharmacy,-23.75,,Medical
Savings,2025-10-01,Ace Hardware,-253.20,,Home Improvement
Savings,2025-10-03,Starbucks,-53.65,AplPay STARBUCKS,Restaurants
Checking,2025-10-04,Statewide Insurance,-233.10,Auto + home bundle,Insurance
Checking,2025-10-04,GuardHealth Insurance,-145.69,Premium payment,Insurance
Checking,2025-10-04,Ace Hardware,-435.19,,Home Improvement
Savings,2025-10-04,Netflix,-12.64,,Subscriptions
Checking,2025-10-04,Sunshine Daycare,-159.46,Weekly childcare,Kids/Childcare
Checking,2025-10-06,Acme Corp Payroll,1929.05,Direct deposit,Income/Paycheck
Credit Card,2025-10-06,Statewide Insurance,-314.00,Auto + home bundle,Insurance
Credit Card,2025-10-06,Etsy,-116.39,Online order,Spending Money
Savings,2025-10-06,Etsy,-115.53,Online order,Spending Money
Savings,2025-10-08,City Parking Garage,-8.21,Monthly parking,Fuel & Parking
Checking,2025-10-08,Starbucks,-83.52,AplPay STARBUCKS,Restaurants
Credit Card,2025-10-08,Riverside Family Clinic,-203.30,Copay,Medical
Checking,2025-10-09,Summit Home Loans,-1815.10,Mortgage payment,Mortgage/Rent
Savings,2025-10-09,Acme Corp Payroll,1821.17,Direct deposit,Income/Paycheck
Credit Card,2025-10-11,Sunshine Daycare,-85.06,Weekly childcare,Kids/Childcare
Credit Card,2025-10-11,Spotify,-18.16,,Subscriptions
Savings,2025-10-12,Statewide Insurance,-277.06,Auto + home bundle,Insurance
Checking,2025-10-13,Acme Corp Payroll,1314.94,Direct deposit,Income/Paycheck
Savings,2025-10-13,Summit Home Loans,-1510.63,Mortgage payment,Mortgage/Rent
Savings,2025-10-14,Riverside Family Clinic,-338.54,Copay,Medical
Savings,2025-10-14,Internal Transfer,-353.78,Buffer savings transfer,2 Month Buffer
Savings,2025-10-14,Meridian Property Mgmt,-2120.99,Monthly rent,Mortgage/Rent
Checking,2025-10-14,Spotify,-15.14,,Subscriptions
Credit Card,2025-10-14,Chick fil A,-85.03,,Restaurants
Checking,2025-10-16,Old Navy,-111.13,,Clothing
Savings,2025-10-17,Trader Joe's,-16.56,,Groceries
Savings,2025-10-17,Jiffy Lube,-106.93,Oil change,Auto Maintenance
Savings,2025-10-17,Nordstrom Rack,-57.71,,Clothing
Credit Card,2025-10-18,Old Navy,-169.80,,Clothing
Credit Card,2025-10-18,Chipotle,-25.00,,Restaurants
Savings,2025-10-18,Riverside Family Clinic,-262.91,Copay,Medical
Savings,2025-10-19,Local Bowling Alley,-137.21,,Fun Money/Entertainment
Savings,2025-10-20,Acme Corp Payroll,2081.30,Direct deposit,Income/Paycheck
Checking,2025-10-20,Etsy,-6.18,Online order,Spending Money
Savings,2025-10-21,Little Learners Preschool,-161.47,Tuition,Kids/Childcare
Savings,2025-10-22,Meridian Property Mgmt,-1620.53,Monthly rent,Mortgage/Rent
Savings,2025-10-22,Venmo,-278.96,Payment to friend,Uncategorized
Checking,2025-10-22,Jiffy Lube,-201.26,Oil change,Auto Maintenance
Credit Card,2025-10-24,Venmo,-17.04,Payment to friend,Uncategorized
Credit Card,2025-10-25,Riverside Animal Hospital,-129.75,Checkup,Pets
Credit Card,2025-10-25,GuardHealth Insurance,-194.31,Premium payment,Insurance
Credit Card,2025-10-25,Little Learners Preschool,-343.57,Tuition,Kids/Childcare
Savings,2025-10-26,Chick fil A,-19.46,,Restaurants
Savings,2025-10-26,Enterprise Rent-A-Car,-184.70,,Travel
Credit Card,2025-10-27,Acme Corp Payroll,3030.23,Direct deposit,Income/Paycheck
Checking,2025-10-28,Local Pizza Co,-9.00,,Restaurants
Credit Card,2025-10-28,Riverside Family Clinic,-164.37,Copay,Medical
Savings,2025-10-29,Riverside Animal Hospital,-75.97,Checkup,Pets
Savings,2025-10-29,Shell,-73.35,,Fuel & Parking
Savings,2025-10-29,Ace Hardware,-486.71,,Home Improvement
Savings,2025-10-30,Local Food Bank,-141.04,Donation,Gifts/Donations
Savings,2025-10-30,Ace Hardware,-313.88,,Home Improvement
Checking,2025-10-31,Riverside Family Clinic,-244.74,Copay,Medical
Savings,2025-10-31,Internal Transfer,-64.97,Transfer between own accounts,Uncategorized
Savings,2025-10-31,Starbucks,-26.04,AplPay STARBUCKS,Restaurants
Credit Card,2025-11-01,Local Pizza Co,-42.98,,Restaurants
Savings,2025-11-02,Local Food Bank,-51.99,Donation,Gifts/Donations
Credit Card,2025-11-02,Downtown Pharmacy,-168.47,,Medical
Savings,2025-11-02,Local Food Bank,-188.74,Donation,Gifts/Donations
Credit Card,2025-11-04,Nordstrom Rack,-175.51,,Clothing
Credit Card,2025-11-04,Acme Corp Payroll,2941.03,Direct deposit,Income/Paycheck
Savings,2025-11-05,Summit Home Loans,-2063.62,Mortgage payment,Mortgage/Rent
Checking,2025-11-05,Statewide Insurance,-235.33,Auto + home bundle,Insurance
Checking,2025-11-05,Netflix,-11.39,,Subscriptions
Savings,2025-11-08,Meridian Property Mgmt,-2191.42,Monthly rent,Mortgage/Rent
Credit Card,2025-11-08,Ace Hardware,-170.18,,Home Improvement
Savings,2025-11-08,Walmart,-33.50,,Uncategorized
Savings,2025-11-09,Statewide Insurance,-133.30,Auto + home bundle,Insurance
Credit Card,2025-11-10,Chevron,-44.33,,Fuel & Parking
Checking,2025-11-11,Shell,-21.92,,Fuel & Parking
Checking,2025-11-11,GuardHealth Insurance,-195.99,Premium payment,Insurance
Savings,2025-11-12,Barnes & Noble,-53.05,,Spending Money
Savings,2025-11-13,Lowe's,-257.84,,Home Improvement
Checking,2025-11-13,Chipotle,-81.68,,Restaurants
Checking,2025-11-13,Marriott Hotels,-423.74,,Travel
Savings,2025-11-14,Fiber Internet Co,-162.86,Internet service,Utilities
Checking,2025-11-14,Riverside Family Clinic,-335.56,Copay,Medical
Credit Card,2025-11-14,Internal Transfer,-215.86,Buffer savings transfer,2 Month Buffer
Credit Card,2025-11-15,Chevron,-32.67,,Fuel & Parking
Credit Card,2025-11-17,Old Navy,-168.33,,Clothing
Credit Card,2025-11-17,Netflix,-16.54,,Subscriptions
Savings,2025-11-17,iCloud Storage,-14.60,,Subscriptions
Checking,2025-11-17,Internal Transfer,-350.28,Buffer savings transfer,2 Month Buffer
Credit Card,2025-11-18,Internal Transfer,-78.78,Buffer savings transfer,2 Month Buffer
Credit Card,2025-11-19,Little Learners Preschool,-70.36,Tuition,Kids/Childcare
Credit Card,2025-11-19,Steam,-52.11,Game purchase,Fun Money/Entertainment
Checking,2025-11-21,Internal Transfer,-83.55,Buffer savings transfer,2 Month Buffer
Savings,2025-11-21,Trader Joe's,-78.70,,Groceries
Checking,2025-11-21,Internal Transfer,-406.98,Buffer savings transfer,2 Month Buffer
Credit Card,2025-11-22,Lowe's,-503.36,,Home Improvement
Checking,2025-11-22,Target,-69.52,,Spending Money
Checking,2025-11-22,Little Learners Preschool,-294.83,Tuition,Kids/Childcare
Savings,2025-11-22,Walmart,-57.60,,Uncategorized
Credit Card,2025-11-22,GuardHealth Insurance,-175.65,Premium payment,Insurance
Credit Card,2025-11-23,Steam,-143.92,Game purchase,Fun Money/Entertainment
Savings,2025-11-24,Internal Transfer,-272.42,Transfer between own accounts,Uncategorized
Credit Card,2025-11-24,Meridian Property Mgmt,-1688.45,Monthly rent,Mortgage/Rent
Credit Card,2025-11-24,Meridian Property Mgmt,-1808.08,Monthly rent,Mortgage/Rent
Savings,2025-11-24,Shell,-22.86,,Fuel & Parking
Savings,2025-11-24,Petco,-169.34,,Pets
Credit Card,2025-11-25,Chick fil A,-53.55,,Restaurants
Credit Card,2025-11-25,Starbucks,-84.12,AplPay STARBUCKS,Restaurants
Credit Card,2025-11-25,Netflix,-19.22,,Subscriptions
Checking,2025-11-25,Internal Transfer,-90.96,Transfer between own accounts,Uncategorized
Savings,2025-11-26,Sunshine Daycare,-245.15,Weekly childcare,Kids/Childcare
Checking,2025-11-28,Internal Transfer,-34.72,Transfer between own accounts,Uncategorized
Checking,2025-11-28,Netflix,-19.09,,Subscriptions
Savings,2025-11-28,Internal Transfer,-419.02,Buffer savings transfer,2 Month Buffer
Credit Card,2025-11-29,Old Navy,-116.08,,Clothing
Savings,2025-11-29,Chick fil A,-38.26,,Restaurants
Savings,2025-11-29,Statewide Insurance,-288.38,Auto + home bundle,Insurance
Checking,2025-11-30,Fiber Internet Co,-120.20,Internet service,Utilities
Credit Card,2025-11-30,Riverside Family Clinic,-164.87,Copay,Medical
Credit Card,2025-12-01,Riverside Animal Hospital,-75.10,Checkup,Pets
Credit Card,2025-12-02,Petco,-146.28,,Pets
Checking,2025-12-02,Red Cross,-118.02,Donation,Gifts/Donations
Checking,2025-12-04,Old Navy,-164.40,,Clothing
Savings,2025-12-04,Venmo,-298.92,Payment to friend,Uncategorized
Savings,2025-12-04,Chevron,-35.80,,Fuel & Parking
Savings,2025-12-05,Lowe's,-328.44,,Home Improvement
Credit Card,2025-12-07,Riverside Animal Hospital,-115.50,Checkup,Pets
Savings,2025-12-07,Bright Smile Dental,-352.42,Cleaning,Medical
Checking,2025-12-08,Metro Gas Co,-55.37,Monthly utility bill,Utilities
Checking,2025-12-08,Red Cross,-56.95,Donation,Gifts/Donations
Checking,2025-12-09,Jiffy Lube,-381.52,Oil change,Auto Maintenance
Savings,2025-12-09,Riverside Family Clinic,-93.87,Copay,Medical
Checking,2025-12-10,Costco,-233.65,,Uncategorized
Checking,2025-12-10,Ace Hardware,-526.14,,Home Improvement
Credit Card,2025-12-11,Enterprise Rent-A-Car,-579.02,,Travel
Checking,2025-12-11,AMC Theatres,-26.60,,Fun Money/Entertainment
Credit Card,2025-12-12,Downtown Pharmacy,-114.23,,Medical
Credit Card,2025-12-13,Local Pizza Co,-87.91,,Restaurants
Checking,2025-12-13,Riverside Animal Hospital,-140.73,Checkup,Pets
Checking,2025-12-13,Midas Auto Service,-246.71,,Auto Maintenance
Checking,2025-12-14,Delta Air Lines,-817.59,,Travel
Savings,2025-12-14,Lowe's,-385.15,,Home Improvement
Checking,2025-12-14,Midas Auto Service,-86.73,,Auto Maintenance
Savings,2025-12-15,Little Learners Preschool,-286.02,Tuition,Kids/Childcare
Credit Card,2025-12-16,Acme Corp Payroll,2177.90,Direct deposit,Income/Paycheck
Savings,2025-12-17,Chevron,-56.18,,Fuel & Parking
Credit Card,2025-12-18,Spotify,-22.43,,Subscriptions
Savings,2025-12-18,Summit Home Loans,-1463.50,Mortgage payment,Mortgage/Rent
Checking,2025-12-18,Bright Smile Dental,-250.01,Cleaning,Medical
Credit Card,2025-12-18,Target,-28.58,,Spending Money
Checking,2025-12-19,Statewide Insurance,-257.06,Auto + home bundle,Insurance
Credit Card,2025-12-19,Metro Gas Co,-136.18,Monthly utility bill,Utilities
Credit Card,2025-12-20,Enterprise Rent-A-Car,-106.31,,Travel
Checking,2025-12-20,Netflix,-10.62,,Subscriptions
Checking,2025-12-20,Ace Hardware,-75.05,,Home Improvement
Credit Card,2025-12-20,Little Learners Preschool,-63.89,Tuition,Kids/Childcare
Checking,2025-12-21,Acme Corp Payroll,2047.66,Direct deposit,Income/Paycheck
Savings,2025-12-22,Netflix,-6.00,,Subscriptions
Checking,2025-12-22,Internal Transfer,-321.57,Buffer savings transfer,2 Month Buffer
Savings,2025-12-22,Kroger,-77.38,,Groceries
Savings,2025-12-23,Summit Home Loans,-1972.60,Mortgage payment,Mortgage/Rent
Savings,2025-12-24,Midas Auto Service,-197.86,,Auto Maintenance
Credit Card,2025-12-26,Ace Hardware,-381.01,,Home Improvement
Savings,2025-12-27,Safeway,-145.79,,Groceries
Savings,2025-12-27,Meridian Property Mgmt,-1793.15,Monthly rent,Mortgage/Rent
Credit Card,2025-12-27,Nordstrom Rack,-29.41,,Clothing
Checking,2025-12-28,Petco,-186.13,,Pets
Credit Card,2025-12-28,Netflix,-19.44,,Subscriptions
Savings,2025-12-28,Acme Corp Payroll,1701.60,Direct deposit,Income/Paycheck
Savings,2025-12-29,Venmo,-128.67,Payment to friend,Uncategorized
Credit Card,2025-12-30,Downtown Pharmacy,-391.85,,Medical
Savings,2025-12-30,Local Food Bank,-125.55,Donation,Gifts/Donations
Credit Card,2025-12-30,AMC Theatres,-81.35,,Fun Money/Entertainment
Savings,2025-12-30,Internal Transfer,-488.45,Buffer savings transfer,2 Month Buffer
Credit Card,2025-12-31,Chick fil A,-47.91,,Restaurants
Savings,2025-12-31,Enterprise Rent-A-Car,-141.15,,Travel
Savings,2026-01-01,Ace Hardware,-117.27,,Home Improvement
Savings,2026-01-01,Riverside Family Clinic,-84.18,Copay,Medical
Savings,2026-01-01,Marriott Hotels,-643.16,,Travel
Checking,2026-01-01,Amazon,-159.55,Online order,Uncategorized
Checking,2026-01-02,Trader Joe's,-124.29,,Groceries
Credit Card,2026-01-02,Ace Hardware,-585.87,,Home Improvement
Credit Card,2026-01-03,Internal Transfer,-121.26,Buffer savings transfer,2 Month Buffer
Credit Card,2026-01-03,Netflix,-17.55,,Subscriptions
Credit Card,2026-01-04,Internal Transfer,-489.90,Buffer savings transfer,2 Month Buffer
Checking,2026-01-04,Midas Auto Service,-438.78,,Auto Maintenance
Savings,2026-01-04,Kroger,-20.83,,Groceries
Credit Card,2026-01-05,Little Learners Preschool,-81.59,Tuition,Kids/Childcare
Credit Card,2026-01-05,Riverside Family Clinic,-209.74,Copay,Medical
Savings,2026-01-07,Statewide Insurance,-170.33,Auto + home bundle,Insurance
Savings,2026-01-07,Target,-77.69,,Spending Money
Credit Card,2026-01-07,Nordstrom Rack,-116.97,,Clothing
Credit Card,2026-01-07,Old Navy,-162.19,,Clothing
Credit Card,2026-01-07,Delta Air Lines,-645.07,,Travel
Savings,2026-01-08,GuardHealth Insurance,-109.49,Premium payment,Insurance
Savings,2026-01-09,Summit Home Loans,-2128.00,Mortgage payment,Mortgage/Rent
Credit Card,2026-01-09,Petco,-183.37,,Pets
Credit Card,2026-01-09,Statewide Insurance,-156.51,Auto + home bundle,Insurance
Credit Card,2026-01-09,Enterprise Rent-A-Car,-114.86,,Travel
Checking,2026-01-10,Delta Air Lines,-367.45,,Travel
Credit Card,2026-01-10,Spotify,-6.91,,Subscriptions
Checking,2026-01-11,Internal Transfer,-262.68,Buffer savings transfer,2 Month Buffer
Checking,2026-01-11,Costco,-140.22,,Uncategorized
Checking,2026-01-11,Amazon,-255.45,Online order,Uncategorized
Credit Card,2026-01-11,Chick fil A,-64.01,,Restaurants
Checking,2026-01-11,Riverside Animal Hospital,-77.29,Checkup,Pets
Checking,2026-01-12,Petco,-29.91,,Pets
Savings,2026-01-13,Whole Foods Market,-167.88,AplPay WHOLE FOODS,Groceries
Savings,2026-01-13,Ace Hardware,-261.75,,Home Improvement
Savings,2026-01-13,Amazon,-276.65,Online order,Uncategorized
Checking,2026-01-14,Petco,-69.70,,Pets
Savings,2026-01-14,Little Learners Preschool,-296.08,Tuition,Kids/Childcare
Credit Card,2026-01-14,Enterprise Rent-A-Car,-336.63,,Travel
Checking,2026-01-14,Trader Joe's,-157.21,,Groceries
Credit Card,2026-01-15,Starbucks,-18.80,AplPay STARBUCKS,Restaurants
Checking,2026-01-15,Midas Auto Service,-337.57,,Auto Maintenance
Savings,2026-01-15,Metro Gas Co,-79.47,Monthly utility bill,Utilities
Credit Card,2026-01-15,Riverside Animal Hospital,-45.67,Checkup,Pets
Checking,2026-01-16,Netflix,-23.26,,Subscriptions
Savings,2026-01-16,Petco,-114.20,,Pets
Savings,2026-01-16,Costco,-60.30,,Uncategorized
Savings,2026-01-16,Circle K,-60.11,AplPay CIRCLE K,Fuel & Parking
Checking,2026-01-16,Steam,-120.38,Game purchase,Fun Money/Entertainment
Savings,2026-01-17,Whole Foods Market,-122.16,AplPay WHOLE FOODS,Groceries
Checking,2026-01-17,Circle K,-33.03,AplPay CIRCLE K,Fuel & Parking
Savings,2026-01-18,Amazon,-25.02,Online order,Uncategorized
Credit Card,2026-01-18,Shell,-18.86,,Fuel & Parking
Checking,2026-01-19,Kroger,-106.76,,Groceries
Savings,2026-01-19,Local Bowling Alley,-129.62,,Fun Money/Entertainment
Credit Card,2026-01-21,Internal Transfer,-52.09,Transfer between own accounts,Uncategorized
Checking,2026-01-21,Nordstrom Rack,-109.17,,Clothing
Checking,2026-01-21,Old Navy,-112.28,,Clothing
Savings,2026-01-21,Downtown Pharmacy,-199.02,,Medical
Checking,2026-01-22,Riverside Family Clinic,-162.12,Copay,Medical
Credit Card,2026-01-23,Downtown Pharmacy,-381.60,,Medical
Savings,2026-01-23,Local Food Bank,-241.20,Donation,Gifts/Donations
Credit Card,2026-01-24,Old Navy,-107.68,,Clothing
Credit Card,2026-01-25,Starbucks,-13.14,AplPay STARBUCKS,Restaurants
Savings,2026-01-26,Meridian Property Mgmt,-1737.29,Monthly rent,Mortgage/Rent
Savings,2026-01-27,Acme Corp Payroll,2460.79,Direct deposit,Income/Paycheck
Checking,2026-01-27,Internal Transfer,-207.15,Buffer savings transfer,2 Month Buffer
Checking,2026-01-27,Local Bowling Alley,-96.97,,Fun Money/Entertainment
Checking,2026-01-29,Circle K,-51.82,AplPay CIRCLE K,Fuel & Parking
Checking,2026-01-29,Internal Transfer,-293.66,Transfer between own accounts,Uncategorized
Credit Card,2026-01-30,Downtown Pharmacy,-46.03,,Medical
Savings,2026-01-30,Fiber Internet Co,-255.11,Internet service,Utilities
Credit Card,2026-01-30,Kroger,-91.40,,Groceries
Savings,2026-01-30,Steam,-113.09,Game purchase,Fun Money/Entertainment
Credit Card,2026-01-31,Statewide Insurance,-218.52,Auto + home bundle,Insurance
Checking,2026-02-02,Spotify,-10.90,,Subscriptions
Credit Card,2026-02-03,Sunshine Daycare,-355.99,Weekly childcare,Kids/Childcare
Checking,2026-02-03,Riverside Animal Hospital,-197.57,Checkup,Pets
Checking,2026-02-04,Summit Home Loans,-1862.15,Mortgage payment,Mortgage/Rent
Savings,2026-02-04,Metro Gas Co,-252.10,Monthly utility bill,Utilities
Checking,2026-02-05,Chick fil A,-21.19,,Restaurants
Credit Card,2026-02-05,Internal Transfer,-417.42,Buffer savings transfer,2 Month Buffer
Savings,2026-02-06,Jiffy Lube,-480.22,Oil change,Auto Maintenance
Checking,2026-02-08,Metro Gas Co,-221.18,Monthly utility bill,Utilities
Checking,2026-02-09,Acme Corp Payroll,1839.35,Direct deposit,Income/Paycheck
Savings,2026-02-09,Internal Transfer,-269.89,Buffer savings transfer,2 Month Buffer
Checking,2026-02-09,Local Bowling Alley,-147.24,,Fun Money/Entertainment
Checking,2026-02-09,Petco,-42.39,,Pets
Credit Card,2026-02-09,Sunshine Daycare,-312.24,Weekly childcare,Kids/Childcare
Credit Card,2026-02-10,Riverside Animal Hospital,-114.30,Checkup,Pets
Credit Card,2026-02-11,Starbucks,-12.09,AplPay STARBUCKS,Restaurants
Credit Card,2026-02-11,Circle K,-32.80,AplPay CIRCLE K,Fuel & Parking
Checking,2026-02-11,Petco,-162.97,,Pets
Savings,2026-02-12,Lowe's,-489.99,,Home Improvement
Checking,2026-02-12,Midas Auto Service,-327.60,,Auto Maintenance
Checking,2026-02-12,Meridian Property Mgmt,-2016.24,Monthly rent,Mortgage/Rent
Checking,2026-02-13,Chipotle,-73.32,,Restaurants
Checking,2026-02-13,Chevron,-40.81,,Fuel & Parking
Credit Card,2026-02-14,Barnes & Noble,-113.14,,Spending Money
Savings,2026-02-14,Lowe's,-21.31,,Home Improvement
Checking,2026-02-14,City Parking Garage,-22.76,Monthly parking,Fuel & Parking
Credit Card,2026-02-15,Steam,-26.99,Game purchase,Fun Money/Entertainment
Savings,2026-02-15,Summit Home Loans,-1557.19,Mortgage payment,Mortgage/Rent
Savings,2026-02-16,City Water & Power,-250.33,Monthly utility bill,Utilities
Savings,2026-02-19,Barnes & Noble,-119.02,,Spending Money
Savings,2026-02-19,Summit Home Loans,-1588.72,Mortgage payment,Mortgage/Rent
Checking,2026-02-19,Meridian Property Mgmt,-1454.15,Monthly rent,Mortgage/Rent
Checking,2026-02-21,Jiffy Lube,-530.36,Oil change,Auto Maintenance
Checking,2026-02-21,Walmart,-50.39,,Uncategorized
Savings,2026-02-22,Riverside Family Clinic,-103.45,Copay,Medical
Checking,2026-02-23,Local Food Bank,-213.61,Donation,Gifts/Donations
Credit Card,2026-02-24,Local Pizza Co,-54.88,,Restaurants
Savings,2026-02-24,Riverside Animal Hospital,-162.21,Checkup,Pets
Credit Card,2026-02-24,Acme Corp Payroll,1322.23,Direct deposit,Income/Paycheck
Credit Card,2026-02-25,Safeway,-112.02,,Groceries
Credit Card,2026-02-25,Internal Transfer,-93.46,Buffer savings transfer,2 Month Buffer
Checking,2026-02-26,Internal Transfer,-244.23,Buffer savings transfer,2 Month Buffer
Savings,2026-02-27,Local Bowling Alley,-55.87,,Fun Money/Entertainment
Credit Card,2026-02-28,Little Learners Preschool,-53.48,Tuition,Kids/Childcare
Savings,2026-02-28,Midas Auto Service,-132.23,,Auto Maintenance
Credit Card,2026-03-01,Little Learners Preschool,-103.34,Tuition,Kids/Childcare
Credit Card,2026-03-02,Walmart,-166.70,,Uncategorized
Checking,2026-03-03,Red Cross,-243.60,Donation,Gifts/Donations
Savings,2026-03-04,Enterprise Rent-A-Car,-240.66,,Travel
Savings,2026-03-04,Summit Home Loans,-1873.18,Mortgage payment,Mortgage/Rent
Credit Card,2026-03-05,Acme Corp Payroll,3155.58,Direct deposit,Income/Paycheck
Savings,2026-03-07,GuardHealth Insurance,-312.48,Premium payment,Insurance
Savings,2026-03-07,Enterprise Rent-A-Car,-281.41,,Travel
Checking,2026-03-08,Nordstrom Rack,-135.83,,Clothing
Checking,2026-03-08,Spotify,-13.01,,Subscriptions
Savings,2026-03-08,Little Learners Preschool,-91.83,Tuition,Kids/Childcare
Savings,2026-03-09,Circle K,-73.38,AplPay CIRCLE K,Fuel & Parking
Checking,2026-03-09,Shell,-41.76,,Fuel & Parking
Savings,2026-03-09,Costco,-239.34,,Uncategorized
Checking,2026-03-09,Bright Smile Dental,-206.19,Cleaning,Medical
Checking,2026-03-09,Old Navy,-31.00,,Clothing
Credit Card,2026-03-10,Ace Hardware,-443.02,,Home Improvement
Credit Card,2026-03-11,Local Food Bank,-161.51,Donation,Gifts/Donations
Checking,2026-03-11,Jiffy Lube,-259.61,Oil change,Auto Maintenance
Savings,2026-03-13,Kroger,-48.52,,Groceries
Savings,2026-03-13,Jiffy Lube,-275.13,Oil change,Auto Maintenance
Checking,2026-03-14,Kroger,-145.14,,Groceries
Savings,2026-03-16,Enterprise Rent-A-Car,-149.74,,Travel
Credit Card,2026-03-17,Etsy,-41.74,Online order,Spending Money
Checking,2026-03-18,Delta Air Lines,-112.46,,Travel
Savings,2026-03-18,Petco,-127.43,,Pets
Savings,2026-03-18,Bright Smile Dental,-261.55,Cleaning,Medical
Savings,2026-03-19,Internal Transfer,-287.65,Transfer between own accounts,Uncategorized
Checking,2026-03-19,Riverside Family Clinic,-108.12,Copay,Medical
Checking,2026-03-19,AMC Theatres,-83.73,,Fun Money/Entertainment
Checking,2026-03-19,Old Navy,-146.33,,Clothing
Checking,2026-03-19,Steam,-93.62,Game purchase,Fun Money/Entertainment
Checking,2026-03-20,Metro Gas Co,-164.64,Monthly utility bill,Utilities
Checking,2026-03-21,Jiffy Lube,-543.03,Oil change,Auto Maintenance
Checking,2026-03-22,Fiber Internet Co,-92.66,Internet service,Utilities
Savings,2026-03-23,Acme Corp Payroll,2346.95,Direct deposit,Income/Paycheck
Credit Card,2026-03-24,Sunshine Daycare,-74.62,Weekly childcare,Kids/Childcare
Credit Card,2026-03-24,Acme Corp Payroll,2504.83,Direct deposit,Income/Paycheck
Credit Card,2026-03-24,Internal Transfer,-151.11,Buffer savings transfer,2 Month Buffer
Credit Card,2026-03-25,Metro Gas Co,-169.59,Monthly utility bill,Utilities
Credit Card,2026-03-25,Meridian Property Mgmt,-2159.43,Monthly rent,Mortgage/Rent
Savings,2026-03-26,Internal Transfer,-459.05,Buffer savings transfer,2 Month Buffer
Savings,2026-03-26,Walmart,-33.19,,Uncategorized
Credit Card,2026-03-28,Riverside Animal Hospital,-11.63,Checkup,Pets
Checking,2026-03-29,Sunshine Daycare,-32.36,Weekly childcare,Kids/Childcare
Credit Card,2026-03-30,Michaels,-70.75,AplPay MICHAELS,Spending Money
Checking,2026-03-30,Jiffy Lube,-533.23,Oil change,Auto Maintenance
Credit Card,2026-03-30,Trader Joe's,-51.95,,Groceries
Savings,2026-03-30,GuardHealth Insurance,-191.78,Premium payment,Insurance
Savings,2026-03-31,Little Learners Preschool,-207.34,Tuition,Kids/Childcare
Credit Card,2026-03-31,Netflix,-19.09,,Subscriptions
Checking,2026-03-31,Petco,-187.78,,Pets
Credit Card,2026-04-01,Local Bowling Alley,-112.53,,Fun Money/Entertainment
Checking,2026-04-02,Meridian Property Mgmt,-1984.06,Monthly rent,Mortgage/Rent
Checking,2026-04-03,Midas Auto Service,-292.75,,Auto Maintenance
Checking,2026-04-04,Midas Auto Service,-638.42,,Auto Maintenance
Savings,2026-04-04,Little Learners Preschool,-232.74,Tuition,Kids/Childcare
Checking,2026-04-04,Barnes & Noble,-43.70,,Spending Money
Savings,2026-04-04,Petco,-62.33,,Pets
Checking,2026-04-04,Summit Home Loans,-1984.94,Mortgage payment,Mortgage/Rent
Checking,2026-04-05,Starbucks,-63.18,AplPay STARBUCKS,Restaurants
Checking,2026-04-06,Acme Corp Payroll,1503.19,Direct deposit,Income/Paycheck
Checking,2026-04-06,Nordstrom Rack,-123.39,,Clothing
Checking,2026-04-06,iCloud Storage,-14.93,,Subscriptions
Checking,2026-04-07,Little Learners Preschool,-363.95,Tuition,Kids/Childcare
Savings,2026-04-07,City Parking Garage,-21.07,Monthly parking,Fuel & Parking
Savings,2026-04-07,Jiffy Lube,-376.40,Oil change,Auto Maintenance
Credit Card,2026-04-08,Riverside Animal Hospital,-175.52,Checkup,Pets
Savings,2026-04-09,Metro Gas Co,-57.68,Monthly utility bill,Utilities
Credit Card,2026-04-09,Riverside Animal Hospital,-195.08,Checkup,Pets
Savings,2026-04-10,Jiffy Lube,-431.59,Oil change,Auto Maintenance
Credit Card,2026-04-10,Riverside Animal Hospital,-136.22,Checkup,Pets
Credit Card,2026-04-10,Summit Home Loans,-1965.93,Mortgage payment,Mortgage/Rent
Credit Card,2026-04-11,Internal Transfer,-249.69,Buffer savings transfer,2 Month Buffer
Checking,2026-04-11,Local Food Bank,-13.36,Donation,Gifts/Donations
Checking,2026-04-11,GuardHealth Insurance,-196.83,Premium payment,Insurance
Savings,2026-04-13,Costco,-245.07,,Uncategorized
Checking,2026-04-13,Sunshine Daycare,-121.99,Weekly childcare,Kids/Childcare
Credit Card,2026-04-14,Amazon,-281.25,Online order,Uncategorized
Savings,2026-04-14,Riverside Family Clinic,-356.99,Copay,Medical
Savings,2026-04-15,Etsy,-119.66,Online order,Spending Money
Checking,2026-04-16,Red Cross,-98.73,Donation,Gifts/Donations
Checking,2026-04-16,Little Learners Preschool,-198.65,Tuition,Kids/Childcare
Checking,2026-04-16,Netflix,-14.08,,Subscriptions
Credit Card,2026-04-17,Internal Transfer,-262.54,Buffer savings transfer,2 Month Buffer
Savings,2026-04-17,Venmo,-179.89,Payment to friend,Uncategorized
Checking,2026-04-17,Trader Joe's,-80.37,,Groceries
Checking,2026-04-18,Old Navy,-182.84,,Clothing
Credit Card,2026-04-20,Target,-86.21,,Spending Money
Savings,2026-04-20,Riverside Animal Hospital,-97.08,Checkup,Pets
Savings,2026-04-20,Nordstrom Rack,-85.71,,Clothing
Checking,2026-04-20,Downtown Pharmacy,-387.79,,Medical
Savings,2026-04-21,Target,-57.96,,Spending Money
Savings,2026-04-21,Ace Hardware,-326.14,,Home Improvement
Checking,2026-04-22,Shell,-14.68,,Fuel & Parking
Credit Card,2026-04-22,Spotify,-18.90,,Subscriptions
Credit Card,2026-04-22,Sunshine Daycare,-223.98,Weekly childcare,Kids/Childcare
Credit Card,2026-04-22,Old Navy,-159.71,,Clothing
Credit Card,2026-04-23,Summit Home Loans,-2131.12,Mortgage payment,Mortgage/Rent
Credit Card,2026-04-23,Delta Air Lines,-235.59,,Travel
Checking,2026-04-23,Internal Transfer,-218.40,Transfer between own accounts,Uncategorized
Checking,2026-04-23,Shell,-56.23,,Fuel & Parking
Credit Card,2026-04-24,Riverside Animal Hospital,-70.22,Checkup,Pets
Credit Card,2026-04-24,Lowe's,-514.96,,Home Improvement
Checking,2026-04-24,Internal Transfer,-178.77,Buffer savings transfer,2 Month Buffer
Savings,2026-04-24,Chipotle,-59.66,,Restaurants
Checking,2026-04-24,Old Navy,-133.79,,Clothing
Savings,2026-04-24,Acme Corp Payroll,1429.61,Direct deposit,Income/Paycheck
Savings,2026-04-26,Chevron,-56.71,,Fuel & Parking
Checking,2026-04-28,Local Food Bank,-233.31,Donation,Gifts/Donations
Savings,2026-04-28,Chevron,-12.85,,Fuel & Parking
Credit Card,2026-04-29,Netflix,-11.53,,Subscriptions
Savings,2026-05-01,Sunshine Daycare,-179.86,Weekly childcare,Kids/Childcare
Checking,2026-05-02,Lowe's,-480.99,,Home Improvement
Checking,2026-05-02,Midas Auto Service,-172.58,,Auto Maintenance
Credit Card,2026-05-03,Petco,-38.58,,Pets
Savings,2026-05-04,Riverside Animal Hospital,-138.18,Checkup,Pets
Credit Card,2026-05-04,City Water & Power,-220.36,Monthly utility bill,Utilities
Checking,2026-05-04,Petco,-75.87,,Pets
Checking,2026-05-04,Local Food Bank,-84.95,Donation,Gifts/Donations
Checking,2026-05-05,Amazon,-225.77,Online order,Uncategorized
Credit Card,2026-05-06,Old Navy,-101.38,,Clothing
Credit Card,2026-05-06,Riverside Family Clinic,-268.76,Copay,Medical
Checking,2026-05-06,Statewide Insurance,-318.13,Auto + home bundle,Insurance
Credit Card,2026-05-06,Metro Gas Co,-100.59,Monthly utility bill,Utilities
Checking,2026-05-06,Michaels,-50.70,AplPay MICHAELS,Spending Money
Checking,2026-05-06,Michaels,-33.31,AplPay MICHAELS,Spending Money
Credit Card,2026-05-06,Lowe's,-383.89,,Home Improvement
Checking,2026-05-07,Downtown Pharmacy,-235.73,,Medical
Savings,2026-05-08,Ace Hardware,-36.71,,Home Improvement
Savings,2026-05-08,Riverside Animal Hospital,-52.83,Checkup,Pets
Credit Card,2026-05-08,Ace Hardware,-216.50,,Home Improvement
Checking,2026-05-09,GuardHealth Insurance,-173.08,Premium payment,Insurance
Checking,2026-05-09,Local Food Bank,-145.20,Donation,Gifts/Donations
Credit Card,2026-05-11,Nordstrom Rack,-109.07,,Clothing
Checking,2026-05-11,Acme Corp Payroll,1927.49,Direct deposit,Income/Paycheck
Checking,2026-05-11,Local Bowling Alley,-17.05,,Fun Money/Entertainment
Credit Card,2026-05-11,Spotify,-10.90,,Subscriptions
Credit Card,2026-05-12,Bright Smile Dental,-191.71,Cleaning,Medical
Savings,2026-05-13,Steam,-123.64,Game purchase,Fun Money/Entertainment
Credit Card,2026-05-13,Lowe's,-253.31,,Home Improvement
Credit Card,2026-05-13,Local Food Bank,-241.35,Donation,Gifts/Donations
Savings,2026-05-13,Trader Joe's,-157.70,,Groceries
Checking,2026-05-14,Fiber Internet Co,-119.81,Internet service,Utilities
Checking,2026-05-15,Downtown Pharmacy,-91.51,,Medical
Credit Card,2026-05-16,Sunshine Daycare,-116.59,Weekly childcare,Kids/Childcare
Credit Card,2026-05-16,Midas Auto Service,-386.28,,Auto Maintenance
Checking,2026-05-17,Acme Corp Payroll,2811.99,Direct deposit,Income/Paycheck
Savings,2026-05-17,Riverside Family Clinic,-66.67,Copay,Medical
Savings,2026-05-18,Riverside Family Clinic,-181.53,Copay,Medical
Credit Card,2026-05-18,Enterprise Rent-A-Car,-324.66,,Travel
Credit Card,2026-05-18,iCloud Storage,-22.30,,Subscriptions
Checking,2026-05-19,Little Learners Preschool,-379.03,Tuition,Kids/Childcare
Credit Card,2026-05-19,iCloud Storage,-13.32,,Subscriptions
Checking,2026-05-19,City Water & Power,-79.51,Monthly utility bill,Utilities
Credit Card,2026-05-19,Meridian Property Mgmt,-1491.41,Monthly rent,Mortgage/Rent
Credit Card,2026-05-20,Internal Transfer,-273.47,Buffer savings transfer,2 Month Buffer
Checking,2026-05-20,Circle K,-60.11,AplPay CIRCLE K,Fuel & Parking
Checking,2026-05-21,Steam,-31.16,Game purchase,Fun Money/Entertainment
Credit Card,2026-05-22,Local Bowling Alley,-28.71,,Fun Money/Entertainment
Savings,2026-05-23,Target,-37.09,,Spending Money
Checking,2026-05-24,Sunshine Daycare,-377.08,Weekly childcare,Kids/Childcare
Savings,2026-05-25,Old Navy,-66.48,,Clothing
Checking,2026-05-25,Nordstrom Rack,-77.33,,Clothing
Savings,2026-05-25,Netflix,-15.03,,Subscriptions
Checking,2026-05-25,Chick fil A,-29.97,,Restaurants
Credit Card,2026-05-26,Acme Corp Payroll,2910.98,Direct deposit,Income/Paycheck
Checking,2026-05-26,Chevron,-68.91,,Fuel & Parking
Checking,2026-05-27,Chipotle,-24.33,,Restaurants
Checking,2026-05-27,Midas Auto Service,-685.76,,Auto Maintenance
Credit Card,2026-05-29,Safeway,-35.07,,Groceries
Savings,2026-05-29,Venmo,-120.66,Payment to friend,Uncategorized
Checking,2026-05-30,Circle K,-12.64,AplPay CIRCLE K,Fuel & Parking
Checking,2026-05-30,Enterprise Rent-A-Car,-845.90,,Travel
Checking,2026-05-31,Bright Smile Dental,-357.11,Cleaning,Medical
Credit Card,2026-05-31,Internal Transfer,-82.50,Buffer savings transfer,2 Month Buffer
Checking,2026-06-01,Jiffy Lube,-443.85,Oil change,Auto Maintenance
Savings,2026-06-01,Internal Transfer,-103.42,Transfer between own accounts,Uncategorized
Checking,2026-06-01,Nordstrom Rack,-125.79,,Clothing
Savings,2026-06-02,Acme Corp Payroll,2736.90,Direct deposit,Income/Paycheck
Checking,2026-06-02,GuardHealth Insurance,-260.39,Premium payment,Insurance
Credit Card,2026-06-03,Nordstrom Rack,-47.45,,Clothing
Credit Card,2026-06-03,GuardHealth Insurance,-298.49,Premium payment,Insurance
Credit Card,2026-06-03,AMC Theatres,-18.00,,Fun Money/Entertainment
Savings,2026-06-04,iCloud Storage,-14.32,,Subscriptions
Savings,2026-06-04,Summit Home Loans,-1875.95,Mortgage payment,Mortgage/Rent
Credit Card,2026-06-04,Nordstrom Rack,-199.03,,Clothing
Credit Card,2026-06-05,Nordstrom Rack,-65.29,,Clothing
Checking,2026-06-06,Netflix,-18.83,,Subscriptions
Savings,2026-06-07,Chipotle,-11.91,,Restaurants
Savings,2026-06-08,Meridian Property Mgmt,-1875.79,Monthly rent,Mortgage/Rent
Savings,2026-06-08,AMC Theatres,-58.14,,Fun Money/Entertainment
Savings,2026-06-09,Internal Transfer,-290.21,Buffer savings transfer,2 Month Buffer
Checking,2026-06-09,Michaels,-7.61,AplPay MICHAELS,Spending Money
Savings,2026-06-10,City Water & Power,-46.48,Monthly utility bill,Utilities
Credit Card,2026-06-10,Trader Joe's,-21.20,,Groceries
Credit Card,2026-06-12,GuardHealth Insurance,-247.41,Premium payment,Insurance
Savings,2026-06-13,Internal Transfer,-306.91,Buffer savings transfer,2 Month Buffer
Credit Card,2026-06-13,Amazon,-146.03,Online order,Uncategorized
Credit Card,2026-06-13,Walmart,-170.80,,Uncategorized
Credit Card,2026-06-14,Etsy,-63.07,Online order,Spending Money
Savings,2026-06-14,Red Cross,-129.00,Donation,Gifts/Donations
Savings,2026-06-15,Nordstrom Rack,-66.99,,Clothing
Checking,2026-06-17,GuardHealth Insurance,-131.69,Premium payment,Insurance
Savings,2026-06-17,Acme Corp Payroll,2649.83,Direct deposit,Income/Paycheck
Checking,2026-06-17,Acme Corp Payroll,2418.91,Direct deposit,Income/Paycheck
Savings,2026-06-18,Marriott Hotels,-219.92,,Travel
Credit Card,2026-06-19,Little Learners Preschool,-357.47,Tuition,Kids/Childcare
Credit Card,2026-06-19,Chevron,-11.80,,Fuel & Parking
Checking,2026-06-19,Downtown Pharmacy,-390.32,,Medical
Savings,2026-06-19,Red Cross,-41.69,Donation,Gifts/Donations
Credit Card,2026-06-21,Chipotle,-48.34,,Restaurants
Savings,2026-06-21,Marriott Hotels,-340.82,,Travel
Savings,2026-06-21,Summit Home Loans,-1901.52,Mortgage payment,Mortgage/Rent
Savings,2026-06-21,Little Learners Preschool,-67.18,Tuition,Kids/Childcare
Credit Card,2026-06-23,Lowe's,-524.12,,Home Improvement
Savings,2026-06-23,Chick fil A,-60.69,,Restaurants
Credit Card,2026-06-23,Nordstrom Rack,-168.60,,Clothing
Credit Card,2026-06-24,Netflix,-24.64,,Subscriptions
Savings,2026-06-26,Bright Smile Dental,-357.73,Cleaning,Medical
Checking,2026-06-26,Midas Auto Service,-53.30,,Auto Maintenance
Checking,2026-06-26,Trader Joe's,-128.60,,Groceries
Credit Card,2026-06-27,Old Navy,-176.98,,Clothing
Checking,2026-06-27,Lowe's,-48.72,,Home Improvement
Credit Card,2026-06-28,Little Learners Preschool,-112.02,Tuition,Kids/Childcare
